X,X2,X3,X4,X5,y
-0.438313321,-0.911594559,0.26716006,-12.68620125,-0.29170544,-0.912934001
-0.563875897,-0.928263844,-0.222855231,-21.53241185,-0.290113083,-0.928319512
1.443439743,2.139366166,0.997081351,94.32127943,-0.288520726,2.168071959
-0.221140868,-0.827565794,0.51673654,142.7896358,-0.286928369,-0.829542776
0.792076157,0.488960411,0.888380625,103.8036801,-0.285336013,0.480956565
0.260886701,-0.391121754,0.751860438,70.43576171,-0.283743656,-0.400139694
1.400702694,2.011791165,0.991101505,-24.38617828,-0.282151299,1.986209716
1.150938306,1.320392873,0.953360601,-16.9485291,-0.280558943,1.337489045
0.239186685,-0.418177397,0.744590738,-9.451369421,-0.278966586,-0.424948611
1.29648121,1.712036252,0.975963,26.90251221,-0.277374229,1.72497954
0.551668255,0.038808271,0.834592562,152.2719184,-0.275781873,0.022106632
1.003951769,0.956751124,0.92852968,-19.86177508,-0.274189516,0.949737693
-0.328425239,-0.877819136,0.42013865,60.89504216,-0.272597159,-0.876265992
0.189575346,-0.477409365,0.727229788,82.23213505,-0.271004803,-0.481614517
1.00949842,0.969891645,0.929507546,-24.86779403,-0.269412446,0.972835639
0.143829545,-0.528791282,0.710213906,123.2611333,-0.267820089,-0.523685081
1.431016948,2.102003427,0.995356182,42.11680484,-0.266227733,2.095376952
0.153876009,-0.517773011,0.714039949,147.1034214,-0.264635376,-0.517162737
0.304819074,-0.334208483,0.766027428,136.29982,-0.263043019,-0.346113801
-0.372911218,-0.893650043,0.367776256,140.2069803,-0.261450662,-0.895309637
0.834049472,0.576342954,0.896802028,118.0257255,-0.259858306,0.597892956
0.929438761,0.784646895,0.915052912,126.566654,-0.258265949,0.805887676
0.680156414,0.268731948,0.864610695,150.8869721,-0.256673592,0.249795233
0.481883229,-0.075807982,0.816840359,-21.16543719,-0.255081236,-0.061040276
-0.333177923,-0.879650479,0.414986951,81.08271379,-0.253488879,-0.883236367
1.396199288,1.998505745,0.99046392,-19.82761424,-0.251896522,1.989625046
-0.13681872,-0.776086798,0.574627286,47.32471967,-0.250304166,-0.77003125
0.618190293,0.15478954,0.850532601,-25.1026784,-0.248711809,0.153511343
1.423977167,2.080932218,0.994373847,14.72869835,-0.247119452,2.067559692
0.401940138,-0.198231537,0.795025913,111.7188894,-0.245527096,-0.202420655
-0.33808528,-0.881506268,0.409566811,100.9704211,-0.243934739,-0.88155925
-0.365753127,-0.891300891,0.376886951,151.0078851,-0.242342382,-0.893281534
0.075404571,-0.599853252,0.682673635,14.47418637,-0.240750026,-0.595072314
0.442670826,-0.137041632,0.806351284,114.9587224,-0.239157669,-0.134161211
-0.279765232,-0.857141654,0.468081525,1.766017647,-0.237565312,-0.860405066
-0.447241677,-0.913552103,0.250146561,13.12520273,-0.235972955,-0.915534024
1.175419046,1.384070618,0.957291562,67.16652851,-0.234380599,1.361022582
-0.403956758,-0.902959056,0.324447063,24.59754561,-0.232788242,-0.904619185
0.368271744,-0.246954146,0.785307673,-13.26399481,-0.231195885,-0.252430794
0.36824593,-0.246990856,0.785300093,-13.31902362,-0.229603529,-0.261460628
0.349647295,-0.273183937,0.779784151,-19.08165728,-0.228011172,-0.264851226
1.403156849,2.019043786,0.991448353,-25.14585318,-0.226418815,2.043246108
0.857323164,0.625921625,0.90136529,24.16781467,-0.224826459,0.622422205
-0.378391905,-0.895397333,0.36059569,125.7743109,-0.223234102,-0.89288165
0.135808609,-0.537480626,0.707121491,94.07613285,-0.221641745,-0.539440948
-0.338655137,-0.881719453,0.408930595,103.166368,-0.220049389,-0.883699545
-0.29219822,-0.862758916,0.456586318,-23.34763899,-0.218457032,-0.862489639
0.046930138,-0.627378914,0.670368917,126.3042216,-0.216864675,-0.636089241
1.202557742,1.455700935,0.961586132,150.3210286,-0.215272318,1.469593049
-0.530395363,-0.926105331,0.005836566,41.87969008,-0.213679962,-0.926482057
0.520946387,-0.012539872,0.826914925,64.23025678,-0.212087605,0.001910284
-0.185327478,-0.806989899,0.542790393,11.72941027,-0.210495248,-0.807038601
1.459239674,2.187216648,0.999260346,143.3721357,-0.208902892,2.208216799
0.429315862,-0.157375979,0.802687824,148.2525487,-0.207310535,-0.172804154
0.9801688,0.900924388,0.924297849,56.52865073,-0.205718178,0.889411189
1.214425833,1.487369072,0.963443812,147.4698239,-0.204125822,1.489379237
0.828805031,0.565281921,0.895763464,133.860667,-0.202533465,0.581049994
-0.286318585,-0.860131053,0.462080992,-14.92453,-0.200941108,-0.856970978
0.072290971,-0.602921664,0.681354034,26.05342687,-0.199348752,-0.597177354
-0.130361165,-0.771709711,0.578606419,74.78365441,-0.197756395,-0.777216497
0.524500596,-0.006671019,0.827813932,79.33026576,-0.196164038,0.004246462
0.200620144,-0.464538643,0.731188464,35.6804342,-0.194571682,-0.4603923
-0.111850517,-0.758820006,0.589710605,139.2019046,-0.192979325,-0.761435405
1.102010855,1.195789405,0.945335793,93.98282303,-0.191386968,1.187183787
0.41831586,-0.173925977,0.799634154,150.6019081,-0.189794611,-0.163018102
-0.184549763,-0.806521974,0.543330271,9.072348623,-0.188202255,-0.807534199
0.348188692,-0.275216442,0.779346958,-16.61696371,-0.186609898,-0.279731165
-0.089521871,-0.74259544,0.602547414,141.0390123,-0.185017541,-0.738143883
-0.115332828,-0.761283687,0.587654797,130.3252747,-0.183425185,-0.763578046
0.723038038,0.350916227,0.873956652,38.16495992,-0.181832828,0.365387257
0.256563912,-0.396567125,0.750427156,52.01237454,-0.180240471,-0.392738061
1.13423108,1.277445404,0.950646008,-19.1462875,-0.178648115,1.265632647
0.064586818,-0.610452202,0.678062041,57.73388925,-0.177055758,-0.602138861
0.071669691,-0.603532205,0.681089982,28.47330388,-0.175463401,-0.604853955
-0.025883811,-0.692297401,0.636216391,-16.96479983,-0.173871045,-0.684309943
0.768832004,0.44169353,0.88360631,9.989860178,-0.172278688,0.435935249
0.657125533,0.225718113,0.859460125,87.11171524,-0.170686331,0.220910978
0.291120529,-0.352261731,0.761686003,152.5430519,-0.169093975,-0.355496147
1.125454178,1.255049438,0.949209382,1.266559262,-0.167501618,1.242593029
0.01537542,-0.656477526,0.656074061,130.1871431,-0.165909261,-0.66583189
-0.120865292,-0.765160836,0.584357486,112.516438,-0.164316904,-0.762958856
-0.582753879,-0.928747927,-0.567871498,30.99317711,-0.162724548,-0.929124806
1.266266721,1.628147575,0.971417656,-20.96240948,-0.161132191,1.626953995
-0.39357081,-0.900003947,0.339696545,67.56851699,-0.159539834,-0.902306272
0.72243131,0.349734387,0.873826557,40.65746732,-0.157947478,0.359066423
0.104521281,-0.570463184,0.694723454,-17.58341804,-0.156355121,-0.578527876
0.797582054,0.500274015,0.889499769,123.1579305,-0.154762764,0.486489526
0.265374378,-0.385439352,0.753340714,89.24650796,-0.153170408,-0.379682552
0.037990218,-0.635772911,0.666392098,146.9151445,-0.151578051,-0.640950707
0.051719529,-0.622833228,0.672476543,110.2520248,-0.149985694,-0.619338342
0.459719824,-0.110698323,0.810959866,45.63236009,-0.148393338,-0.111991767
0.531249593,0.004524764,0.829513175,106.4023825,-0.146800981,-0.000937442
-0.10243172,-0.752066239,0.595197021,152.1422632,-0.145208624,-0.757571897
0.701800123,0.309872068,0.869366657,122.9290457,-0.143616268,0.29029535
0.686374589,0.280480253,0.865985312,152.1721165,-0.142023911,0.262507762
1.29383615,1.704638328,0.975568005,16.94493904,-0.140431554,1.725289581
1.274618646,1.651200777,0.97268144,-24.76991675,-0.138839197,1.62238679
0.001699762,-0.668630013,0.649645995,80.28463192,-0.137246841,-0.668349586
-0.094304319,-0.746132718,0.599846785,149.0016146,-0.135654484,-0.744250828
1.359901772,1.89252334,0.985271588,108.00396,-0.134062127,1.901943981
0.352584098,-0.269082049,0.780662357,-22.80010094,-0.132469771,-0.27263287
0.590442829,0.105613935,0.84399307,45.77456166,-0.130877414,0.113647219
0.093681343,-0.581551812,0.690297418,-24.66290917,-0.129285057,-0.584478214
0.544492942,0.02669025,0.832818039,144.3918739,-0.127692701,0.033434269
1.264577626,1.623497869,0.971161377,-18.49660898,-0.126100344,1.608171974
-0.314165558,-0.872123429,0.435052977,5.312615601,-0.124507987,-0.874745336
0.771946613,0.447980578,0.884250762,21.14745542,-0.122915631,0.463741915
0.972247423,0.882516458,0.922874119,89.95928381,-0.121323274,0.890273177
0.474373813,-0.087711151,0.81486165,-6.402125677,-0.119730917,-0.072301764
1.369784277,1.921184941,0.986694783,67.86188154,-0.118138561,1.933819057
0.686980274,0.281627669,0.86611885,151.8743309,-0.116546204,0.280677939
1.053048754,1.074651994,0.937069645,101.726099,-0.114953847,1.093661151
1.016643273,0.9868857,0.93076219,-22.09653512,-0.11336149,0.972165609
-0.53726399,-0.926683707,-0.028274086,15.1353303,-0.111769134,-0.926418101
0.361878531,-0.256016032,0.783423802,-23.08915368,-0.110176777,-0.255390726
0.332185927,-0.297308428,0.774505277,32.42445778,-0.10858442,-0.2909042
-0.385822896,-0.897695245,0.350557943,99.61031822,-0.106992064,-0.896464425
-0.253988202,-0.8447651,0.490516513,103.7719299,-0.105399707,-0.841604142
0.612729793,0.145021888,0.849257614,-21.27795614,-0.10380735,0.15145152
0.96639445,0.868974931,0.921817506,112.5023575,-0.102214994,0.848787958
0.408349733,-0.188765507,0.796838609,132.1439684,-0.100622637,-0.187815155
-0.191345139,-0.810580196,0.538577666,34.44438302,-0.09903028,-0.80902319
0.949600017,0.830401141,0.918763479,151.1383659,-0.097437924,0.845220892
1.366382979,1.911304026,0.986205769,82.25470515,-0.095845567,1.891498099
0.636037128,0.18702213,0.854659893,3.325305069,-0.09425321,0.179000943
-0.047544823,-0.710092051,0.625202175,-9.212180524,-0.092660854,-0.713347018
0.467618971,-0.098346791,0.813069814,14.67564528,-0.091068497,-0.102530173
0.032845305,-0.640549907,0.664077722,152.0555074,-0.08947614,-0.632559478
1.26865468,1.634728321,0.971779572,-23.49386447,-0.087883783,1.623899632
0.204454211,-0.460028423,0.732549761,20.70347776,-0.086291427,-0.464874943
0.571349268,0.072438499,0.839403235,121.9471542,-0.08469907,0.076615682
1.191825446,1.427243361,0.959895617,129.1472869,-0.083106713,1.425717061
0.664970164,0.240280865,0.861225079,117.0376479,-0.081514357,0.253781992
1.487816531,2.274702798,1.003159109,118.0864528,-0.079922,2.263910864
0.311153562,-0.325766185,0.768012582,117.5778475,-0.078329643,-0.31807886
-0.114383304,-0.760613697,0.588216845,132.9415708,-0.076737287,-0.756484358
0.555546378,0.045389625,0.835547024,152.2022086,-0.07514493,0.033506108
0.12233728,-0.551859849,0.701850063,37.5524369,-0.073552573,-0.552857448
-0.114700115,-0.76083739,0.588029441,132.0843862,-0.071960217,-0.762810539
-0.054619129,-0.715752886,0.621509649,11.898095,-0.07036786,-0.715796349
0.253246535,-0.400727195,0.749322264,38.1745904,-0.068775503,-0.404285578
0.430307893,-0.155874603,0.802961596,146.8446624,-0.067183147,-0.154601179
-0.244960577,-0.840197579,0.497969359,133.4207443,-0.06559079,-0.838963458
-0.252442674,-0.843991717,0.491806514,109.5500259,-0.063998433,-0.847896739
0.954225275,0.840982787,0.919607881,145.4218533,-0.062406076,0.856766694
1.471234167,2.223789496,1.000903343,152.0253176,-0.06081372,2.240937552
0.677506791,0.263743307,0.864022913,147.9614741,-0.059221363,0.256368891
-0.106669885,-0.755121506,0.592741524,148.447209,-0.057629006,-0.761269705
0.317544356,-0.317188538,0.770001301,93.67928676,-0.05603665,-0.313354915
0.83153382,0.571032108,0.896304327,126.1168849,-0.054444293,0.551149207
-0.584144869,-0.928762688,-0.622793071,36.5858,-0.052851936,-0.929139567
0.811742341,0.529577315,0.892357765,151.5140759,-0.05125958,0.511619131
0.843341762,0.596041464,0.89863284,82.30985156,-0.049667223,0.575517633
1.02840733,1.015031504,0.93281587,3.636787549,-0.048074866,0.995816469
-0.127962492,-0.770068079,0.580070272,84.85387933,-0.04648251,-0.772041759
-0.188262147,-0.80874751,0.540743819,22.37766234,-0.044890153,-0.808796314
-0.205704317,-0.818930283,0.528263195,94.56499223,-0.043297796,-0.815125476
1.104695648,1.202534696,0.945782119,82.97812525,-0.04170544,1.17690677
0.90950456,0.740000652,0.911335427,48.44791928,-0.040113083,0.739077248
-0.157356709,-0.789596786,0.56158455,-18.19879155,-0.038520726,-0.787717393
0.385143021,-0.222749337,0.790219414,42.87209637,-0.036928369,-0.223406851
0.240356263,-0.416736971,0.744987378,-6.502076198,-0.035336013,-0.405521858
0.518502235,-0.016564883,0.826295027,53.81124126,-0.033743656,-0.023313031
1.181474558,1.399958958,0.95825551,92.5047978,-0.032151299,1.418344432
0.665706939,0.241653301,0.861390278,119.5221238,-0.030558943,0.235562349
0.122592409,-0.551590027,0.701950819,38.59576854,-0.028966586,-0.556120622
0.481658132,-0.076165999,0.816781248,-20.87569672,-0.027374229,-0.062361863
-0.372049887,-0.893371392,0.368888273,142.0163831,-0.025781873,-0.89278269
0.730171749,0.364852849,0.875481774,11.03834114,-0.024189516,0.372258655
1.146718973,1.309507613,0.952677509,-22.80709089,-0.022597159,1.284528197
-0.271321292,-0.853195927,0.47562931,31.95103376,-0.021004803,-0.853568466
1.359954438,1.8926757,0.985279191,107.8087471,-0.019412446,1.892782045
0.082983908,-0.592323811,0.685860288,-8.650648718,-0.017820089,-0.59621438
0.878063533,0.670780661,0.905370456,-24.58863194,-0.016227733,0.665999086
0.706352513,0.318613635,0.870356851,107.1279004,-0.014635376,0.326337969
-0.198365448,-0.814700822,0.53358203,63.87257561,-0.013043019,-0.814107602
0.179686155,-0.488779913,0.723637458,119.9603419,-0.011450662,-0.49202217
0.838063626,0.584836754,0.897594377,103.526846,-0.009858306,0.60285423
-0.052536132,-0.714093789,0.622601934,4.941963873,-0.008265949,-0.71670662
-0.347688684,-0.885034593,0.398648227,133.0143194,-0.006673592,-0.883160681
-0.399263708,-0.901643557,0.331440208,43.43428008,-0.005081236,-0.904588342
1.013635308,0.979722018,0.93023467,-24.53065718,-0.003488879,0.982024211
-0.567743793,-0.928406082,-0.266875072,-15.42290305,-0.001896522,-0.928461758
1.1461947,1.30815691,0.952592516,-23.29076459,-0.000304166,1.291528172
1.300795774,1.724125855,0.976606121,44.34370907,0.001288191,1.709769288
0.329148063,-0.301459335,0.773576687,44.85843917,0.002880548,-0.309508577
1.156845496,1.335676915,0.954314175,-3.273136804,0.004472904,1.342174928
-0.249697329,-0.842609208,0.494083491,119.1714513,0.006065261,-0.841054042
1.379020991,1.948104558,0.988018507,29.33288699,0.007657618,1.942111611
1.434281605,2.111800022,0.995810573,55.85256932,0.009249974,2.130547561
1.18787745,1.416817903,0.95927118,116.6240804,0.010842331,1.410152077
1.357071453,1.884341429,0.98486266,118.0461341,0.012434688,1.855862015
-0.315637337,-0.872725255,0.433549678,10.19262726,0.014027045,-0.87245655
0.497219554,-0.05123856,0.820838749,-16.82933843,0.015619401,-0.058952249
-0.021325584,-0.688464161,0.638480297,-6.939168096,0.017211758,-0.692360252
0.696836199,0.300375295,0.868282967,136.9207119,0.018804115,0.296857179
-0.420008959,-0.907211662,0.299122804,-19.96062392,0.020396471,-0.906302572
0.937034305,0.801813554,0.916456576,144.8703735,0.021988828,0.781622724
0.426020822,-0.162352342,0.801776569,151.536207,0.023581185,-0.157867461
1.306672329,1.740636637,0.977479712,69.28353574,0.025173541,1.758399311
-0.107351709,-0.755610541,0.592344483,147.5197279,0.026765898,-0.762079951
0.340652604,-0.285667407,0.777077261,2.060090375,0.028358255,-0.277656595
0.185689369,-0.481894744,0.725823636,98.05127382,0.029950611,-0.489311983
-0.230644147,-0.832706354,0.509398311,152.608747,0.031542968,-0.837253095
0.107956736,-0.566912544,0.696111785,-10.57886431,0.033135325,-0.566947459
0.002630403,-0.667811821,0.650088114,84.17233845,0.034727682,-0.659180591
0.592847914,0.109831161,0.844565951,35.85575217,0.036320038,0.096345431
1.257412482,1.603820853,0.970071641,-2.277752829,0.037912395,1.622539218
-0.371422724,-0.893167805,0.369695213,143.2496752,0.039504752,-0.894827372
0.937465306,0.802790223,0.916536016,145.604864,0.041097108,0.810863547
1.122181982,1.246729034,0.948671899,11.93947974,0.042689465,1.23684161
0.776266345,0.456724067,0.885142135,38.14102556,0.044281822,0.437155784
-0.072896373,-0.730034657,0.611739231,86.21227255,0.045874178,-0.732648403
0.2012428,-0.463807662,0.731409988,33.16973901,0.047466535,-0.474435692
0.255009802,-0.398518049,0.749910081,45.47103872,0.049058892,-0.409784694
0.008762841,-0.662388243,0.65298422,108.4158732,0.050651248,-0.666282836
0.321938952,-0.311255014,0.771360729,75.47162657,0.052243605,-0.31063288
1.212270456,1.481602263,0.963107346,150.1047809,0.053835962,1.461771658
-0.513110682,-0.924340269,0.076907115,112.6078877,0.055428318,-0.924716894
0.712558375,0.330579739,0.871701108,82.42003584,0.057020675,0.34280132
0.52814102,-0.00064038,0.828731781,94.32250627,0.058613032,-0.004175784
0.978179324,0.896292433,0.923940951,65.01837154,0.060205389,0.887990798
0.50144477,-0.044408299,0.821930418,-7.601223489,0.061797745,-0.053085144
-0.264959086,-0.850153107,0.481185582,58.40972578,0.063390102,-0.845707728
-0.209563428,-0.821122278,0.525425481,109.4082098,0.064982459,-0.822456524
0.615323246,0.149655499,0.849863886,-23.84581578,0.066574815,0.155443031
0.613996065,0.147283035,0.849553794,-22.6994202,0.068167172,0.165275383
1.300222125,1.722516873,0.976520698,41.96015458,0.069759529,1.702057738
-0.542174986,-0.92705434,-0.055473708,-0.918713649,0.071351885,-0.927431121
-0.19154728,-0.810699866,0.538435055,35.26093819,0.072944242,-0.815245343
0.361658724,-0.256326514,0.783358807,-23.28549926,0.074536599,-0.261482518
-0.53219823,-0.926263915,-0.002724567,34.50675466,0.076128955,-0.926640651
-0.213392998,-0.823275659,0.522580934,122.5908158,0.077721312,-0.820755834
1.118739732,1.237993364,0.948105374,24.54093547,0.079313669,1.24255867
1.420021843,2.069125542,0.993820412,1.600935487,0.080906025,2.056394704
1.417263283,2.060904953,0.993433785,-6.255322068,0.082498382,2.089927424
0.700972499,0.308286154,0.869186265,125.5187146,0.084090739,0.294490638
0.683551015,0.275138427,0.865361952,152.5694051,0.085683096,0.278363702
-0.197796672,-0.814369696,0.533990085,61.44340545,0.087275452,-0.820521298
-0.07635264,-0.732679666,0.609852895,100.1204213,0.088867809,-0.734972382
1.283325686,1.675344322,0.973992948,-13.78167939,0.090460166,1.683467759
0.701465392,0.309230524,0.869293711,123.9879419,0.092052522,0.321129697
0.950283189,0.831962103,0.918888361,150.5601976,0.093644879,0.81787548
0.9910311,0.926317829,0.926238529,13.31592788,0.095237236,0.912236625
0.826645221,0.56073853,0.895334637,139.1420527,0.096829592,0.566549671
0.963112588,0.861404199,0.921223305,123.5684645,0.098421949,0.851494645
-0.191310553,-0.810559715,0.538602059,34.30494633,0.100014306,-0.810287439
-0.274517325,-0.854701824,0.472796214,19.62642341,0.101606662,-0.850577888
0.266201458,-0.384388825,0.753612681,92.60956076,0.103199019,-0.377668416
0.469941028,-0.094698297,0.813687065,6.727053278,0.104791376,-0.08250114
-0.379461981,-0.895733284,0.359172103,122.4205007,0.106383732,-0.897071815
0.535347015,0.011354859,0.830539832,120.8323145,0.107976089,-0.00566954
0.691993242,0.291145173,0.867221652,146.5822778,0.109568446,0.287947709
-0.518618173,-0.924950779,0.056146429,91.48558479,0.111160803,-0.926290988
0.664107368,0.238674706,0.8610315,114.0435291,0.112753159,0.222626912
-0.353160862,-0.886983914,0.392231906,145.1089425,0.114345516,-0.884146564
-0.115478529,-0.761386377,0.587568453,129.9114078,0.115937873,-0.763359558
-0.580483441,-0.928717669,-0.496333561,22.18980466,0.117530229,-0.929094546
1.176956219,1.388098673,0.95753657,73.71206228,0.119122586,1.403592819
0.152479227,-0.519313865,0.713511107,144.847584,0.120714943,-0.52095196
0.666160137,0.2424979,0.861491845,121.0158131,0.122307299,0.242830655
0.487020626,-0.067616517,0.818186082,-25.02527798,0.123899656,-0.055417805
-0.259781646,-0.847632613,0.485627634,80.42142399,0.125492013,-0.846720101
-0.036328859,-0.700964947,0.630959033,-24.94079668,0.127084369,-0.70646767
0.051451175,-0.623088827,0.672358867,111.2248701,0.128676726,-0.615418578
0.02905574,-0.644043369,0.662360786,152.4119376,0.130269083,-0.653718201
-0.298043414,-0.865320563,0.451015449,-24.87737437,0.131861439,-0.86248197
0.759747104,0.423437231,0.88171806,-14.9053102,0.133453796,0.423459194
1.105622117,1.204864844,0.945935972,79.09693756,0.135046153,1.20974943
0.372021811,-0.241610506,0.786406861,-4.057459663,0.13663851,-0.255116421
-0.028805299,-0.69473802,0.634755764,-21.38539865,0.138230866,-0.693174361
0.14847804,-0.52371174,0.711990678,136.4055236,0.139823223,-0.534664393
-0.026983409,-0.693217493,0.635667524,-18.82036655,0.14141558,-0.686836003
1.095016969,1.178268124,0.944169784,119.8551197,0.143007936,1.186363012
-0.300751701,-0.866490287,0.448396426,-23.21855989,0.144600293,-0.870396602
-0.342954275,-0.883312249,0.404083924,118.6684306,0.14619265,-0.88721953
1.437593435,2.121754327,0.996270783,69.98292237,0.147785006,2.137932975
-0.043899782,-0.707146327,0.627086018,-16.94727737,0.149377363,-0.70108682
0.588444042,0.102115665,0.843516079,54.20585544,0.15096972,0.115287674
0.468778068,-0.096526579,0.813378096,10.62532441,0.152562076,-0.084329527
0.030756284,-0.642478334,0.663132546,152.6162407,0.154154433,-0.637378662
0.534592467,0.010095213,0.830351052,118.3252486,0.15574679,-0.001147965
0.031058104,-0.642200117,0.6632693,152.5904974,0.157339146,-0.65155366
-0.08864466,-0.74194294,0.603039973,139.1213592,0.158931503,-0.746163285
0.480649832,-0.077768779,0.816516315,-19.45685976,0.16052386,-0.073921406
1.334388919,1.819199704,0.981563837,151.2427473,0.162116217,1.81062989
-0.019472796,-0.686897251,0.639395333,-1.865829161,0.163708573,-0.694326264
0.401143298,-0.199404095,0.794799741,108.8193761,0.16530093,-0.190103597
-0.043966571,-0.707200479,0.627051613,-16.82713807,0.166893287,-0.699213877
0.269705035,-0.379927455,0.754761856,106.2878642,0.168485643,-0.380272813
-0.121633002,-0.76569526,0.58389687,109.742659,0.170078,-0.762529761
0.700594147,0.307561483,0.86910376,126.6702935,0.171670357,0.295050657
-0.531040267,-0.926162612,0.002803972,39.22057937,0.173262713,-0.925896976
0.125390977,-0.548623942,0.703053675,50.25377292,0.17485507,-0.55893566
-0.369181884,-0.892435628,0.37255965,147.0590653,0.176447427,-0.892489238
0.659135408,0.229440543,0.85991338,95.27251333,0.178039783,0.217246414
-0.120782679,-0.765103274,0.584407008,112.8110344,0.17963214,-0.762258925
-0.074494122,-0.731259583,0.610868794,92.74226448,0.181224497,-0.725843827
0.626825198,0.170325774,0.85253708,-18.78296447,0.182816853,0.153310506
1.281372094,1.669917469,0.973699217,-17.51812222,0.18440921,1.645922301
1.120020518,1.241241662,0.948316299,19.70811423,0.186001567,1.245164788
0.412272757,-0.182941719,0.797942349,141.568136,0.187593924,-0.177494472
0.192646885,-0.473848201,0.728336287,69.24525784,0.18918628,-0.481907344
1.257490452,1.604034566,0.970083522,-2.500319172,0.190778637,1.627249504
0.40906204,-0.187709773,0.797039338,134.0462069,0.192370994,-0.198321946
-0.292027584,-0.862683374,0.456747302,-23.19852348,0.19396335,-0.860165812
0.684728109,0.277363894,0.865621986,152.6025119,0.195555707,0.289261237
0.306101093,-0.332504674,0.766430329,133.0015875,0.197148064,-0.321605907
0.56395545,0.059736829,0.837605572,141.6793008,0.19874042,0.074833501
0.646940702,0.206947195,0.857152025,44.05181261,0.200332777,0.214986298
0.662086836,0.234917653,0.860577648,106.7027258,0.201925134,0.217906094
0.87453205,0.6630974,0.904692503,-21.62940096,0.20351749,0.665381409
0.03057189,-0.642648242,0.663048964,152.6227689,0.205109847,-0.63433675
1.220845025,1.504584733,0.964443507,134.4626898,0.206702204,1.526188045
1.388317483,1.975326161,0.989344543,-2.699418171,0.20829456,1.966765314
0.7027528,0.31169887,0.869574162,119.8324488,0.209886917,0.324561733
-0.199185484,-0.815177381,0.532992671,67.37419203,0.211479274,-0.81362064
1.033218281,1.02660096,0.933651433,20.24178803,0.213071631,1.047213271
0.300757045,-0.33959084,0.764747031,144.8788792,0.214663987,-0.331904309
0.290025239,-0.353693192,0.761335969,152.2212612,0.216256344,-0.360139519
-0.532952282,-0.926328813,-0.00638393,31.48490626,0.217848701,-0.926063187
-0.026734944,-0.693009746,0.63579164,-18.42105967,0.219441057,-0.688876525
-0.524577823,-0.925560731,0.031810617,66.50139125,0.221033414,-0.926579793
1.129780405,1.266074365,0.949918426,-10.44009029,0.222625771,1.248800845
1.265162121,1.625106377,0.971250086,-19.41203725,0.224218127,1.611065306
1.212480551,1.482164079,0.96314016,149.8882762,0.225810484,1.473253726
0.446899675,-0.130547617,0.807501454,99.24421307,0.227402841,-0.1337693
0.509107133,-0.031954177,0.823899412,16.26774172,0.228995197,-0.045126867
1.354094244,1.875747707,0.984431868,127.5237938,0.230587554,1.888700397
-0.440586656,-0.912104208,0.262924663,-7.281201287,0.232179911,-0.911516581
0.873390461,0.660617662,0.904472999,-20.14218996,0.233772267,0.642988186
0.063821796,-0.611195179,0.677733035,60.99740415,0.235364624,-0.609947905
0.490383612,-0.062233111,0.819063534,-24.63851312,0.236956981,-0.060633126
0.861765396,0.635475973,0.902227934,8.203814686,0.238549338,0.635188931
0.129773162,-0.543956111,0.70477197,68.91631352,0.240141694,-0.535317768
-0.160671507,-0.791718642,0.55942168,-22.62879275,0.241734051,-0.795620663
1.41826096,2.063876757,0.993573676,-3.548947958,0.243326408,2.080052081
-0.142571728,-0.779934232,0.571034305,24.1036665,0.244918764,-0.781266112
1.286329578,1.683699832,0.974443999,-6.718061306,0.246511121,1.699210956
0.481951938,-0.075698685,0.816858399,-21.25190106,0.248103478,-0.076668937
1.483513301,2.261451283,1.002575457,131.3691969,0.249695834,2.256439881
0.979974794,0.900472439,0.924263065,57.35488722,0.251288191,0.921719872
0.04926486,-0.625167243,0.671398309,118.8424645,0.252880548,-0.634519808
0.453395364,-0.120520879,0.809259063,72.5043179,0.254472904,-0.132735108
-0.142080875,-0.77960788,0.571342657,25.99118785,0.256065261,-0.781582108
1.465335258,2.205776251,1.000096512,151.3811077,0.257657618,2.228704566
1.170151489,1.37029393,0.956450352,44.81385248,0.259249974,1.379684578
-0.243647648,-0.839523236,0.499037017,136.7611987,0.260842331,-0.844070368
-0.005730629,-0.67511652,0.646090923,48.71660698,0.262434688,-0.672588186
-0.570273517,-0.928487108,-0.299900599,-9.935177339,0.264027045,-0.928863971
-0.00907969,-0.678013378,0.644473773,34.87218729,0.265619401,-0.682230051
0.161555204,-0.509250055,0.716929799,152.6137834,0.267211758,-0.50510628
0.64862938,0.210048833,0.857536026,51.14268274,0.268804115,0.203956066
0.46859943,-0.096807237,0.813330606,11.23912583,0.270396471,-0.096493969
-0.329564402,-0.87826114,0.418912408,65.76010984,0.271988828,-0.882168131
0.365745038,-0.250542802,0.784564641,-18.07615555,0.273581185,-0.236427498
0.482151847,-0.075380647,0.816910882,-21.49819404,0.275173541,-0.084059271
0.06295596,-0.612035018,0.67736021,64.69521308,0.276765898,-0.608539512
0.17826217,-0.490405258,0.723116389,124.5359929,0.278358255,-0.488187498
1.172854779,1.377358933,0.956882371,56.2235526,0.279950611,1.365873096
0.416387334,-0.176809041,0.799095354,148.4849095,0.281542968,-0.163331868
0.409420682,-0.187177933,0.79714035,134.9729327,0.283135325,-0.172416624
0.332493697,-0.29688713,0.774599183,31.19759583,0.284727682,-0.306220841
0.701984837,0.310226159,0.869406902,122.3381439,0.286320038,0.322767755
0.206982694,-0.457042103,0.733443919,11.59385402,0.287912395,-0.448719952
1.050019055,1.067273011,0.936550088,89.66621117,0.289504752,1.069580232
-0.402295982,-0.902497262,0.326941697,31.08445333,0.291097108,-0.899981986
0.011362619,-0.660072143,0.654203059,117.6423359,0.292689465,-0.66139714
1.227623454,1.522830172,0.965495311,113.515523,0.294281822,1.515528069
-0.580443598,-0.92871707,-0.495227117,22.0394303,0.295874178,-0.929093947
0.071269484,-0.603925193,0.680919758,30.04888559,0.297466535,-0.60364105
0.950990036,0.833577886,0.919017512,149.8635203,0.299058892,0.850003734
-0.07886643,-0.734592288,0.608472955,109.627902,0.300651248,-0.727891991
0.873284004,0.660386517,0.904452521,-19.99056467,0.302243605,0.646932406
0.210833832,-0.452475412,0.734800381,-0.762169522,0.303835962,-0.44768601
0.832686713,0.57346484,0.896532527,122.5149857,0.305428318,0.561932834
0.569208832,0.068753155,0.838884009,128.5365233,0.307020675,0.071966578
1.155266755,1.331587073,0.954059641,-7.506910915,0.308613032,1.308857205
1.298834284,1.718626248,0.976313927,36.26551575,0.310205389,1.728679268
0.017555942,-0.654514227,0.65708556,135.9971613,0.311797745,-0.657444819
1.27020306,1.638999872,0.972013996,-24.52362306,0.313390102,1.626244331
0.935705578,0.798804328,0.91621153,142.3884678,0.314982459,0.805592691
1.337807622,1.828969002,0.982063514,152.616809,0.316574815,1.838385993
0.086554049,-0.588747655,0.687348913,-16.39527444,0.318167172,-0.584287263
-0.040959959,-0.704756166,0.628596259,-21.39591845,0.319759529,-0.700623619
-0.089571018,-0.742631963,0.602519792,141.14242,0.321351885,-0.736253311
0.20109002,-0.463987075,0.73135565,33.78333723,0.322944242,-0.452774676
0.324103594,-0.308321815,0.772027937,66.25979232,0.324536599,-0.313480805
-0.461038159,-0.916344484,0.221651956,68.81898717,0.326128955,-0.914793552
-0.304129908,-0.867934104,0.445095047,-19.09378091,0.327721312,-0.864132112
1.257781595,1.604832656,0.970127882,-3.323145798,0.329313669,1.593681067
-0.150532836,-0.785177409,0.565985434,-2.732270301,0.330906025,-0.784582493
0.462629197,-0.106159837,0.811738831,33.68213986,0.332498382,-0.119979155
-0.233573449,-0.83426388,0.507097261,151.9564146,0.334090739,-0.837847161
0.955950388,0.844937617,0.919922176,142.2392804,0.335683096,0.863291215
0.364995894,-0.251604983,0.784343961,-19.27414838,0.337275452,-0.254512435
0.609691962,0.139607012,0.848545796,-16.59734107,0.338867809,0.135437297
0.856234568,0.62358474,0.901153489,28.38372277,0.340460166,0.631326588
-0.584133556,-0.92876258,-0.622300285,36.53979117,0.342052522,-0.929139459
0.875078721,0.664285554,0.904797557,-22.25089045,0.343644879,0.646977471
1.181874893,1.401011266,0.958319121,94.1172895,0.345237236,1.395308081
-0.220512508,-0.827221177,0.517215072,141.5267289,0.346829592,-0.828555774
1.108710089,1.212640545,0.94644817,65.98451467,0.348421949,1.224270419
-0.321491947,-0.875087459,0.42748894,31.99654845,0.350014306,-0.876424804
1.194901376,1.43538198,0.960381165,137.2976064,0.351606662,1.418439367
-0.133490612,-0.773838649,0.576685081,61.44570367,0.353199019,-0.780630289
0.801448231,0.508245169,0.890282969,134.3461171,0.354791376,0.52657943
1.347460284,1.856646052,0.983469579,143.7112676,0.356383732,1.874415388
0.34040944,-0.286003222,0.77700372,2.812233637,0.357976089,-0.280240711
0.895726565,0.709486798,0.908737014,-2.152341722,0.359568446,0.715948849
0.657915543,0.227180553,0.85963837,90.34968858,0.361160803,0.218198123
0.313659779,-0.322409591,0.768794154,108.690968,0.362753159,-0.32981767
-0.470622827,-0.918118213,0.200009295,107.7316059,0.364345516,-0.917852115
0.30718153,-0.331066875,0.766769431,130.0173653,0.365937873,-0.339439001
1.206034587,1.464956715,0.962131623,152.4579489,0.367530229,1.478206995
-0.571895657,-0.92853407,-0.323316489,-5.838375296,0.369122586,-0.928910936
-0.364334122,-0.890826175,0.378658549,151.9544972,0.370714943,-0.888952595
0.039580025,-0.634288853,0.667103423,144.2806511,0.372307299,-0.634970003
-0.446869036,-0.913472766,0.250877591,11.82488987,0.373899656,-0.914812316
0.357871996,-0.261664088,0.782236749,-25.12966174,0.375492013,-0.267783947
0.97709812,0.893777605,0.923746802,69.63224555,0.377084369,0.882906361
-0.080670205,-0.735958918,0.607478594,116.0455505,0.378676726,-0.735039993
0.684932348,0.277750248,0.865667081,152.5793075,0.380269083,0.258171686
0.905961899,0.732127901,0.910669598,33.83439946,0.381861439,0.734094691
0.434955005,-0.148822055,0.804240539,137.7993903,0.383453796,-0.164249738
1.466476264,2.209256467,1.000252755,152.0609584,0.385046153,2.189467652
0.146341813,-0.526050036,0.71117555,130.7777724,0.38663851,-0.524476689
0.416809223,-0.176178805,0.799213311,149.0109077,0.388230866,-0.163022779
0.883004761,0.681562074,0.906316311,-24.46516839,0.389823223,0.687701338
1.454186803,2.171873634,0.998565328,131.543013,0.39141558,2.19897538
-0.38104323,-0.896226609,0.357055207,117.1832794,0.393007936,-0.895316888
-0.22389491,-0.829069308,0.514629534,147.4607882,0.394600293,-0.826228632
0.154517317,-0.517064586,0.714282426,148.0139443,0.39619265,-0.514848357
1.07697571,1.133405595,0.941139493,152.6046249,0.397785006,1.135395431
0.304621094,-0.334471381,0.765965157,136.78492,0.399377363,-0.32935402
-0.200946833,-0.816197607,0.531722606,74.86916353,0.40096972,-0.811750277
-0.372427846,-0.893493802,0.368400851,141.2387328,0.402562076,-0.895795753
1.069667205,1.115369198,0.939902582,147.8093079,0.404154433,1.12956295
-0.290752509,-0.862117519,0.457947346,-21.89999025,0.40574679,-0.859921107
0.714612768,0.334553589,0.872144702,73.76409652,0.407339146,0.340994106
1.261036142,1.613762682,0.970623285,-11.59256826,0.408931503,1.595545582
0.489651957,-0.063405759,0.818872867,-24.91993706,0.41052386,-0.056666914
0.366172565,-0.249936255,0.784690502,-17.34486043,0.412116217,-0.243208123
0.419069742,-0.172797456,0.799844496,151.2275966,0.413708573,-0.171525004
0.97223721,0.882492784,0.922872279,90.00096197,0.41530093,0.888322405
0.70343094,0.313000054,0.869721777,117.5562094,0.416893287,0.309161479
-0.261293702,-0.848372826,0.484337573,74.03932758,0.418485643,-0.846175625
0.221451866,-0.439770583,0.738506812,-22.41965456,0.420078,-0.446221854
-0.368531457,-0.892221711,0.373385656,147.9857214,0.421670357,-0.893238857
-0.027637939,-0.693764323,0.635340306,-19.81578511,0.423262713,-0.691879425
-0.425576614,-0.9085974,0.289778788,-24.89759976,0.42485507,-0.907046024
1.28939897,1.692251356,0.974904141,2.011925556,0.426447427,1.680141239
-0.139482686,-0.777874479,0.572969231,36.3064428,0.428039783,-0.784666351
-0.114192586,-0.760478964,0.588329601,133.4498664,0.42963214,-0.756670801
-0.219549336,-0.8266918,0.517947007,139.4536527,0.431224497,-0.827705183
1.20816851,1.470646353,0.962465897,152.546855,0.432816853,1.496744277
0.141636297,-0.531176778,0.709371683,115.9864875,0.43440921,-0.534421469
0.627602632,0.171729988,0.852716852,-17.49115222,0.436001567,0.180409435
-0.515964063,-0.924662185,0.066342384,102.0009355,0.437593924,-0.924717646
0.31077865,-0.326267507,0.767895478,118.8431936,0.43918628,-0.33174871
0.032673895,-0.640708384,0.664000288,152.1351411,0.440778637,-0.631754415
1.144954296,1.304962836,0.952391323,-24.21471231,0.442370994,1.288976281
0.967433098,0.871374255,0.922005298,108.7340758,0.44396335,0.848617956
0.743672339,0.391434575,0.878345664,-21.5060518,0.445555707,0.40783503
0.983792672,0.909376675,0.924946785,41.2877256,0.447148064,0.889513206
0.255363144,-0.398074802,0.750027726,46.9506355,0.44874042,-0.400027117
1.444887578,2.143735561,0.997281727,100.0491175,0.450332777,2.148031702
0.189866835,-0.477072011,0.727334982,81.01257389,0.451925134,-0.473247571
0.577406946,0.082905272,0.840867537,100.2195132,0.45351749,0.098645642
-0.104339643,-0.753444946,0.594094262,150.9253777,0.455109847,-0.748030464
1.175491594,1.384260646,0.957303129,67.47615108,0.456702204,1.393330913
-0.516336919,-0.924703358,0.064932126,100.5574151,0.45829456,-0.925401187
1.22929218,1.527332322,0.965753644,107.456852,0.459886917,1.504934879
-0.378294116,-0.895366547,0.360725427,126.0727528,0.461479274,-0.898310972
-0.545221275,-0.927266267,-0.073768936,-9.124861629,0.463071631,-0.927000695
-0.556952938,-0.927953861,-0.157993423,-25.05913659,0.464663987,-0.928651876
1.034487321,1.029658491,0.933871427,25.04699224,0.466256344,1.014940857
-0.542323061,-0.92706496,-0.056336052,-1.351117287,0.467848701,-0.927120559
1.214174687,1.486696765,0.963404627,147.8236718,0.469441057,1.482925598
0.709492206,0.324660431,0.871037744,94.97526905,0.471033414,0.334954575
0.469700421,-0.095076718,0.81362317,7.519364659,0.472625771,-0.079346571
-0.175832511,-0.80121572,0.549311874,-14.71209315,0.474218127,-0.802548823
-0.143791324,-0.780743554,0.570266694,19.5115018,0.475810484,-0.787214408
0.472702678,-0.090348688,0.814419414,-1.795685174,0.477402841,-0.089071501
-0.058500593,-0.718827285,0.619462906,26.18717494,0.478995197,-0.726258131
0.615376652,0.149751023,0.849876357,-23.8845207,0.480587554,0.150399634
0.593642417,0.111226177,0.844754942,32.65450882,0.482179911,0.093565148
0.666126443,0.242435097,0.861484296,120.9056887,0.483772267,0.249191506
0.770709985,0.44548264,0.883995065,16.58901761,0.485364624,0.443899955
-0.324277882,-0.876193669,0.424558463,43.3625809,0.486956981,-0.87881581
1.031562415,1.022615032,0.933364123,14.21765065,0.488549338,1.001794517
0.910908556,0.743125862,0.911598868,54.385779,0.490141694,0.724216393
-0.585541371,-0.928774621,-0.691392877,42.32251957,0.491734051,-0.929151501
0.265724827,-0.384994349,0.753455983,90.67672161,0.493326408,-0.38662473
0.881525502,0.678330638,0.906033483,-25.02690535,0.494918764,0.670658851
0.147829427,-0.524422423,0.711743434,134.7751052,0.496511121,-0.533769202
0.024803337,-0.647938145,0.660421606,149.323539,0.498103478,-0.64990481
0.306629355,-0.331801902,0.766596178,131.5653349,0.499695834,-0.342101167
1.483365683,2.26099719,1.002555414,131.7766264,0.501288191,2.270760177
0.641534422,0.197045782,0.855919117,22.44600989,0.502880548,0.180674414
0.680453286,0.269291538,0.864676476,151.1275109,0.504472904,0.259990343
0.961979688,0.858794487,0.921017896,127.0565928,0.506065261,0.851454247
0.280356414,-0.366252436,0.758226985,139.0569235,0.507657618,-0.373984217
0.652084584,0.216408278,0.858320103,65.85825077,0.509249974,0.229908035
1.483467004,2.261308866,1.002569171,131.4973429,0.510842331,2.236705297
1.231609612,1.533591501,0.96611201,98.5855702,0.512434688,1.556160027
0.071462419,-0.603735768,0.681001834,29.28772625,0.514027045,-0.599597419
0.126887435,-0.547033142,0.703641629,56.60107827,0.515619401,-0.545461
1.431839338,2.104469768,0.995470715,45.54001755,0.517211758,2.126428716
-0.150205818,-0.784963887,0.566194618,-1.796661795,0.518804115,-0.785974873
0.732109943,0.3686524,0.87589472,4.609366757,0.520396471,0.35261207
1.380054964,1.951125859,0.9881663,25.304758,0.521988828,1.974681915
-0.220222849,-0.82706212,0.51743539,140.9206062,0.523581185,-0.832893268
1.126389215,1.257429928,0.94936278,-1.510736344,0.525173541,1.276770765
0.851139698,0.612670958,0.900160095,49.20580182,0.526765898,0.631974765
1.486399956,2.270337518,1.00296711,122.7446131,0.528358255,2.274962113
1.061291695,1.094796992,0.938478376,129.7891809,0.529950611,1.083937293
0.30479805,-0.334236403,0.766020816,136.3516459,0.531542968,-0.333615589
1.151706467,1.322377455,0.953484785,-15.51699687,0.533135325,1.322129863
0.20641297,-0.457715816,0.733242693,13.58398402,0.534727682,-0.4513208
1.149077196,1.315588227,0.9530595,-19.95759157,0.536320038,1.314376697
0.162557775,-0.508130871,0.717304908,152.447598,0.537912395,-0.517476715
0.990454704,0.924965959,0.926135884,15.36261361,0.539504752,0.927265007
-0.142412825,-0.779828621,0.571134164,24.71234828,0.541097108,-0.776342752
-0.082357134,-0.737232654,0.606545458,121.6929656,0.542689465,-0.741452728
0.628039151,0.172518828,0.852817742,-16.71600819,0.544281822,0.161284978
-0.432430556,-0.910240147,0.277833257,-22.31631391,0.545874178,-0.909010048
-0.260820444,-0.848141511,0.484741984,76.04429613,0.547466535,-0.846586663
-0.38247268,-0.896669384,0.35512774,112.1825203,0.549058892,-0.899292701
0.023573491,-0.649059561,0.659858272,147.7569193,0.550651248,-0.650705108
0.659726342,0.230536134,0.860046505,97.61933659,0.552243605,0.218984433
0.187601661,-0.479690285,0.726516482,90.38233369,0.553835962,-0.476508361
1.327090469,1.798401635,0.980494119,140.5544598,0.555428318,1.820343004
-0.165627928,-0.794860925,0.556156357,-25.15406259,0.557020675,-0.798441944
-0.306473811,-0.868925923,0.442781492,-14.94328668,0.558613032,-0.868014634
0.411898009,-0.183499024,0.797837101,140.7824578,0.560205389,-0.197001601
1.389249831,1.978063297,0.989477188,-5.277715223,0.561797745,2.007402193
0.891851849,0.700956266,0.908001934,-12.0588251,0.563390102,0.689752766
0.039752429,-0.634127691,0.667180454,143.9664177,0.564982459,-0.629348722
0.269751255,-0.379868477,0.754776985,106.4610887,0.566574815,-0.392739966
1.035935903,1.033151517,0.934122335,30.70675486,0.568167172,1.032566132
0.608130824,0.136829637,0.848179292,-13.51954217,0.569759529,0.150646005
-0.266351029,-0.850823955,0.479979297,52.49130309,0.571351885,-0.847342163
0.773992145,0.452117452,0.884673208,29.00973599,0.572944242,0.472375587
0.432266007,-0.152906835,0.803501202,143.5149861,0.574536599,-0.153239155
-0.560998588,-0.928143642,-0.194063488,-24.18002765,0.576128955,-0.928520486
1.211129516,1.478552415,0.962929076,151.1262972,0.577721312,1.464181744
0.743044905,0.390193211,0.878213209,-20.70754088,0.579313669,0.383468424
-0.2987907,-0.865644407,0.450295223,-24.56864264,0.580906025,-0.869550673
0.729908374,0.36433697,0.875425613,11.94849262,0.582498382,0.382984149
1.011601818,0.974886721,0.929877486,-25.13487604,0.584090739,0.976867453
0.85492808,0.620782426,0.900899086,33.57013034,0.585683096,0.602829479
-0.166173192,-0.795204389,0.55579481,-25.12534156,0.587275452,-0.794610049
-0.367186399,-0.891777349,0.375086156,149.6400265,0.588867809,-0.891188555
-0.186559746,-0.807729476,0.541932847,16.08663238,0.590460166,-0.81099005
0.296199255,-0.345600966,0.7633034,150.8247198,0.592052522,-0.334060585
-0.130817329,-0.77202094,0.57832717,72.84784478,0.593644879,-0.76821344
1.310460651,1.751307465,0.97804144,85.25236692,0.595237236,1.755259886
0.270222075,-0.379267526,0.754931049,108.2134692,0.596829592,-0.377364566
-0.432536462,-0.910264984,0.277644642,-22.20181097,0.598421949,-0.911283167
-0.21604254,-0.824752775,0.520595942,130.5723833,0.600014306,-0.827050779
-0.465908131,-0.917262743,0.210863211,89.25851888,0.601606662,-0.918602511
0.092807458,-0.582438155,0.689937554,-24.19324132,0.603199019,-0.582473961
0.059408629,-0.61546423,0.67582757,79.75891633,0.604791376,-0.623210323
0.962911015,0.860939724,0.921186768,124.2023626,0.606383732,0.853920789
0.156715035,-0.514632234,0.715111796,150.5225181,0.607976089,-0.525263182
1.376708667,1.941353613,0.987687709,38.63329364,0.609568446,1.948849961
-0.328696235,-0.877924459,0.419847422,62.05216883,0.611160803,-0.876692504
1.261385874,1.614723233,0.970676469,-12.37496517,0.612753159,1.627660932
0.301404091,-0.338735116,0.764951378,143.711568,0.614345516,-0.351604243
0.25352114,-0.400383454,0.749413889,39.30017018,0.615937873,-0.410365475
0.091958126,-0.583298509,0.689587361,-23.58820771,0.617530229,-0.591363938
1.216735012,1.493555033,0.963803842,143.6520224,0.619122586,1.486572431
-0.011686386,-0.680256595,0.643208628,24.59508845,0.620714943,-0.674195544
-0.293449767,-0.863311668,0.455402746,-24.2618102,0.622307299,-0.865933069
0.940513806,0.809706138,0.917097262,149.7811782,0.623899656,0.830627175
-0.498108834,-0.922449134,0.126741439,149.4557833,0.625492013,-0.922183285
-0.547676522,-0.92742706,-0.089431667,-14.61183916,0.627084369,-0.928125045
0.129695253,-0.544039346,0.704741513,68.58407187,0.628676726,-0.534437459
-0.434178441,-0.910647929,0.274704064,-20.14379992,0.630269083,-0.9123085
1.118799826,1.238145717,0.948115274,24.31072016,0.631861439,1.255558349
-0.121512313,-0.765611303,0.583969332,110.1829597,0.633453796,-0.766621178
-0.053887297,-0.715170719,0.621893891,9.391334648,0.635046153,-0.72099544
1.477666706,2.243491086,1.001780534,144.7095174,0.63663851,2.214068749
0.731851452,0.368145344,0.875839681,5.438335418,0.638230866,0.348893156
-0.260383652,-0.847927725,0.485114721,77.88915105,0.639823223,-0.849584694
0.914670741,0.75151467,0.912303577,70.4315891,0.64141558,0.764081609
0.818248863,0.543141629,0.893661324,151.5646395,0.643007936,0.528396053
0.278008997,-0.369280678,0.757466973,133.2655008,0.644600293,-0.363201766
1.152738212,1.325044399,0.953651494,-13.42473075,0.64619265,1.33571718
-0.540927565,-0.926963586,-0.048312031,2.851721313,0.647785006,-0.926697996
1.06184609,1.0961555,0.938572871,131.3501355,0.649377363,1.117414173
1.222917456,1.510155844,0.964765502,128.7594448,0.65096972,1.515057964
0.093122043,-0.582119215,0.690067153,-24.38022229,0.652562076,-0.58183382
-0.01344698,-0.681765988,0.642350906,17.99131637,0.654154433,-0.673777926
1.033423444,1.027095103,0.933687011,21.00814176,0.65574679,1.023297541
-0.552813304,-0.927734543,-0.125322054,-22.4965077,0.657339146,-0.928432546
1.345477119,1.850948447,0.983181272,147.0396875,0.658931503,1.864220896
0.461483629,-0.107948368,0.81143237,38.33028057,0.66052386,-0.120161874
0.569771042,0.069720496,0.839020483,126.8693572,0.662116217,0.07036451
0.878411733,0.671539223,0.905437213,-24.74375154,0.663708573,0.655837472
0.775436003,0.455041239,0.884971014,34.76583589,0.66530093,0.434830493
0.500136336,-0.046526274,0.82159281,-10.7923808,0.666893287,-0.042034741
0.317210079,-0.317638701,0.769897627,95.01970872,0.668485643,-0.310593275
0.416395858,-0.17679631,0.799097738,148.4958822,0.670078,-0.171991076
0.460255402,-0.10986379,0.811103425,43.39892165,0.671670357,-0.122077406
-0.490861752,-0.921415994,0.147983818,152.3357769,0.673262713,-0.922434817
1.428470156,2.094371978,0.995001197,31.75325547,0.67485507,2.111512602
0.028944381,-0.644145705,0.662310174,152.3778761,0.676447427,-0.63808258
0.44890206,-0.127463411,0.808044431,91.25133891,0.678039783,-0.112698672
0.529061662,0.000887847,0.828963427,97.98357126,0.67963214,-0.009392311
1.031175093,1.021683273,0.933296876,12.85239904,0.681224497,1.040368204
0.21103767,-0.452233088,0.734871996,-1.358188122,0.682816853,-0.455794428
-0.305220119,-0.868396439,0.444021316,-17.2909478,0.68440921,-0.866200388
0.36352626,-0.253686302,0.78391054,-21.31053262,0.686001567,-0.266550545
1.304557231,1.734688153,0.9771656,60.25378363,0.687593924,1.730288863
1.06334168,1.099822618,0.938827631,135.3187826,0.68918628,1.076758257
-0.410128038,-0.904639193,0.314978659,2.984184765,0.690778637,-0.904693504
1.088847297,1.162871912,0.943137163,137.5450601,0.692370994,1.17578366
0.470978767,-0.093065181,0.813962482,3.398437496,0.69396335,-0.081510296
1.121467791,1.244915129,0.948554451,14.44863201,0.695555707,1.233421687
0.639759449,0.193804434,0.855513152,15.89028191,0.697148064,0.179038795
-0.267109418,-0.851188252,0.479319882,49.28617913,0.69874042,-0.850275944
1.211575581,1.479744563,0.962998786,150.7580359,0.700332777,1.466979875
1.254938705,1.597045017,0.969694426,5.247565829,0.701925134,1.608054602
1.390738317,1.982435783,0.989688825,-9.104858991,0.70351749,1.953962002
-0.380261024,-0.895983037,0.358104374,119.8144822,0.705109847,-0.89378857
0.237821342,-0.419856357,0.744126998,-12.60134333,0.706702204,-0.421167558
-0.466634073,-0.917396611,0.209218993,92.21253778,0.70829456,-0.918415203
0.938954251,0.806166364,0.916810279,147.8701985,0.709886917,0.793041808
-0.517464197,-0.924826585,0.060624938,96.12316063,0.711479274,-0.925524421
0.42967165,-0.156837684,0.802786042,147.7695424,0.713071631,-0.172587011
0.827575109,0.5626938,0.895519345,136.9645477,0.714663987,0.583279468
0.895973413,0.710031012,0.908783779,-1.439977336,0.716256344,0.729661594
0.148151397,-0.524069719,0.711866193,135.5931667,0.717848701,-0.520890344
-0.300671316,-0.866455725,0.448474513,-23.28917188,0.719441057,-0.864259562
1.292776961,1.701678811,0.975409678,13.16056615,0.721033414,1.714942686
1.103112368,1.198555561,0.945518996,89.51840463,0.722625771,1.221747211
-0.412983604,-0.905397509,0.31048734,-5.320743604,0.724218127,-0.908021326
0.762482249,0.428920683,0.882287879,-8.796763706,0.725810484,0.42990651
1.151204546,1.321080617,0.953403648,-16.46471967,0.727402841,1.329826073
1.259168641,1.608636597,0.970339123,-7.060304808,0.728995197,1.583674361
-0.348291427,-0.885251481,0.397948612,134.5980431,0.730587554,-0.888516508
0.137802045,-0.535329981,0.707893223,101.9280082,0.732179911,-0.526691143
-0.429681431,-0.909589608,0.282685653,-24.50137145,0.733772267,-0.908359471
-0.344159485,-0.88375385,0.402710114,122.621165,0.735364624,-0.881558681
0.505556363,-0.037736295,0.822988684,4.196151802,0.736956981,-0.052836415
-0.261238003,-0.848345619,0.484385199,74.27559444,0.738549338,-0.85096616
0.337338893,-0.290236164,0.776073426,12.98993724,0.740141694,-0.298284761
1.119845443,1.240797499,0.948287476,20.35929257,0.741734051,1.262706844
1.013426493,0.979225209,0.930198012,-24.6316621,0.743326408,0.990199311
1.105911577,1.205593121,0.945984024,77.87771925,0.744918764,1.222361518
0.948992307,0.829013183,0.918652345,151.5735337,0.746511121,0.819422951
0.178021955,-0.490679145,0.723028394,125.2803859,0.748103478,-0.485249571
-0.141428558,-0.779173623,0.571751919,28.531919,0.749695834,-0.776008898
0.039375186,-0.634480277,0.667011873,144.6468135,0.751288191,-0.636124987
0.85933656,0.630248408,0.901756602,16.66397279,0.752880548,0.638954188
-0.216996459,-0.825282035,0.519877842,133.1873382,0.754472904,-0.826937703
0.096229827,-0.578960531,0.691344257,-25.1408091,0.756065261,-0.57931732
-0.287257119,-0.860553963,0.461211067,-16.71099664,0.757657618,-0.860605742
1.359705906,1.891956747,0.985243308,108.7274579,0.759249974,1.86347777
-0.150786813,-0.785343131,0.565822864,-3.447592995,0.760842331,-0.785069407
-0.550719349,-0.927613926,-0.11013546,-19.89335406,0.762434688,-0.928311922
0.725653681,0.356017457,0.874516812,27.69479612,0.764027045,0.374021792
0.805842938,0.51733295,0.8911706,144.0949471,0.765619401,0.513827293
0.706355377,0.318619145,0.870357472,107.117223,0.767211758,0.335978967
-0.164091601,-0.793890818,0.557172554,-24.9069153,0.768804115,-0.790726939
0.865026436,0.642508442,0.902859524,-1.947696064,0.770396471,0.62744739
1.426355336,2.088042243,0.994706082,23.50460284,0.771988828,2.074991308
-0.00530845,-0.674750164,0.646294122,50.49691301,0.773581185,-0.671900626
-0.225775317,-0.830089416,0.5131818,149.8129368,0.775173541,-0.825000519
0.828169834,0.563944999,0.895637414,135.4949548,0.776765898,0.552733629
-0.346546317,-0.884622051,0.399969444,129.854403,0.778358255,-0.882426932
0.101692967,-0.57337319,0.69357532,-21.69719935,0.779950611,-0.565378902
0.802240631,0.509881651,0.890443223,136.3503127,0.781542968,0.523398262
0.354839069,-0.265923806,0.781334817,-24.49020302,0.783135325,-0.274292191
0.1033084,-0.57171255,0.694231667,-19.53629413,0.784727682,-0.565324082
-0.352165643,-0.886632697,0.393409763,143.3059815,0.786320038,-0.88732834
-0.275015288,-0.854935088,0.472352221,17.79260581,0.787912395,-0.854022996
-0.336645705,-0.880965573,0.411167653,95.30244449,0.789504752,-0.883909171
0.66170168,0.234202168,0.860491051,105.2553029,0.791097108,0.240958105
0.600652483,0.123575269,0.846416979,6.876463994,0.792689465,0.127755389
0.654203297,0.220316614,0.858799817,74.87874521,0.794281822,0.207479595
0.070114908,-0.605057609,0.680428093,34.66209399,0.795874178,-0.603809983
0.554647116,0.043861548,0.835325991,152.4930006,0.797466535,0.031977943
-0.285219995,-0.85963436,0.463095871,-12.6304784,0.799058892,-0.861934367
0.815445372,0.53728942,0.893100394,152.6060323,0.800651248,0.519652861
0.419833562,-0.171653198,0.800057451,151.7444449,0.802243605,-0.171665412
0.300755369,-0.339593056,0.764746502,144.8818016,0.803835962,-0.326767598
1.073605035,1.125077384,0.940569706,151.7363089,0.805428318,1.12803029
0.794382842,0.493694752,0.88885003,112.3345683,0.807020675,0.488903007
1.065136527,1.104227877,0.939133062,139.5919765,0.808613032,1.094653452
0.758533434,0.421007607,0.881464844,-17.18679471,0.810205389,0.41878115
0.08588027,-0.589424016,0.687068573,-15.10777249,0.811797745,-0.596847431
0.584257443,0.094807497,0.842514363,72.05758913,0.813390102,0.101555428
-0.572769919,-0.928557762,-0.336793572,-3.453470408,0.814982459,-0.928934629
0.857496579,0.626294057,0.901399015,23.50591386,0.816574815,0.612837988
1.270425212,1.63961302,0.972047613,-24.63140619,0.818167172,1.640347197
-0.494430166,-0.92193444,0.137724339,152.2556486,0.819759529,-0.922953293
1.264835844,1.624208413,0.97120057,-18.90906838,0.821351885,1.626868802
0.585237647,0.09651622,0.842749213,67.8815328,0.822944242,0.095555858
-0.362474302,-0.890199465,0.380963746,152.5738817,0.824536599,-0.893143593
0.574236742,0.07742084,0.840102164,112.0970181,0.826128955,0.068108626
1.146675887,1.309396593,0.952670525,-22.84891616,0.827721312,1.307221159
0.740425994,0.385018059,0.877659669,-16.55528629,0.829313669,0.387286097
-0.030356867,-0.696029057,0.633976951,-23.05642884,0.830906025,-0.703779777
-0.236244484,-0.83567299,0.504982573,149.8395395,0.832498382,-0.830905596
-0.489945924,-0.92127989,0.150557715,151.9356465,0.834090739,-0.920692791
-0.285764679,-0.859880846,0.462593148,-13.79488062,0.835683096,-0.860574952
-0.235988537,-0.835538422,0.505185898,150.1044784,0.837275452,-0.841370057
0.449158061,-0.127068674,0.808113774,90.20953705,0.838867809,-0.140889193
1.270021387,1.638498503,0.971986501,-24.42800338,0.840460166,1.625100567
1.220746594,1.504320287,0.964428205,134.716555,0.842052522,1.507294975
1.185566684,1.410726597,0.958905053,108.3819256,0.843644879,1.396030848
0.401895921,-0.198296628,0.795013367,111.5597976,0.845237236,-0.203449299
-0.467639138,-0.91758066,0.206926615,96.24442019,0.846829592,-0.91827808
1.227128285,1.521495022,0.965418609,115.2534973,0.848421949,1.504236172
0.792131604,0.48907412,0.888391918,104.0149407,0.850014306,0.468865328
1.340220457,1.835874362,0.982415641,152.1455816,0.851606662,1.852357774
0.511297687,-0.028377727,0.824459796,24.4266559,0.853199019,-0.039623115
1.48537106,2.267168763,1.002827575,125.9577927,0.854791376,2.253164567
0.840613959,0.590245578,0.898096628,93.51197811,0.856383732,0.576145073
0.38027797,-0.229772423,0.788811819,23.42336722,0.857976089,-0.233320987
-0.062345342,-0.721850573,0.617420753,41.62671836,0.859568446,-0.729602776
0.901902437,0.723129564,0.909904697,18.17598934,0.861160803,0.726059385
-0.265554238,-0.850440293,0.480670444,55.87473195,0.862753159,-0.852418588
-0.523653815,-0.925469613,0.03572425,70.44218677,0.864345516,-0.925846303
0.999886083,0.947148125,0.927810742,-12.40631659,0.865937873,0.933710483
0.262640662,-0.388904403,0.752439915,77.87354121,0.867530229,-0.379935972
0.39105052,-0.214174201,0.791919215,67.90691401,0.869122586,-0.225751442
-0.34450357,-0.883879531,0.402316663,123.7139907,0.870714943,-0.885859747
-0.57742632,-0.928664849,-0.42200304,11.13480074,0.872307299,-0.929041723
-0.198883036,-0.815001732,0.533210183,66.08308493,0.873899656,-0.811196699
-0.212156555,-0.82258278,0.52350249,118.5316012,0.875492013,-0.821347647
0.201112205,-0.463961024,0.731363541,33.69413496,0.877084369,-0.463668843
1.156777864,1.335501634,0.954303275,-3.462591906,0.878676726,1.337824259
0.915891799,0.754241861,0.91253192,75.6177836,0.880269083,0.765203043
0.185252514,-0.482397582,0.725665118,99.76487151,0.881861439,-0.47664635
1.409301125,2.037240786,0.99231486,-21.65209239,0.883453796,2.027719945
-0.256315317,-0.845922907,0.488562931,94.66588684,0.885046153,-0.850470406
0.09789908,-0.577258025,0.692027832,-24.73194631,0.88663851,-0.584680741
-0.501350025,-0.922885987,0.116696428,144.7701229,0.888230866,-0.922620163
-0.368104712,-0.892081019,0.373926284,148.549044,0.889823223,-0.889565146
-0.23187305,-0.833361318,0.508435261,152.5491841,0.89141558,-0.836302182
-0.118579663,-0.763564571,0.585724388,120.367264,0.893007936,-0.76907089
0.282315297,-0.36371916,0.758859637,143.1597435,0.894600293,-0.357318746
-0.282848277,-0.85855596,0.465274476,-6.961659974,0.89619265,-0.859571173
-0.590472766,-0.928793616,-1.719644035,63.17339254,0.897785006,-0.929170497
0.149723435,-0.522345419,0.712464802,139.3368774,0.899377363,-0.512099921
1.038069718,1.038302542,0.934491525,39.32708899,0.90096972,1.029366696
-0.118171025,-0.763278365,0.585968074,121.7015745,0.902562076,-0.763966923
0.915797914,0.754032093,0.91251437,75.22024907,0.904154433,0.775271116
-0.227099474,-0.830804616,0.512157841,151.0487833,0.90574679,-0.827642857
-0.400019254,-0.901857549,0.330326026,40.30645814,0.907339146,-0.902554066
0.095369981,-0.579835893,0.690991494,-25.12842227,0.908931503,-0.585974025
0.732453606,0.369326683,0.875967876,3.521401495,0.91052386,0.360994783
-0.228107876,-0.831347526,0.511375548,151.7531168,0.912116217,-0.827543432
-0.444133482,-0.912884046,0.256186738,2.815027588,0.913708573,-0.913260013
0.822739727,0.552540478,0.894557546,146.5985471,0.91530093,0.543255551
0.946008192,0.822205666,0.918105993,152.6185727,0.916893287,0.842163873
0.266448928,-0.384074301,0.753694006,93.60719362,0.918485643,-0.396946031
0.418808608,-0.173188455,0.799771654,151.0238244,0.920078,-0.160674623
0.60140272,0.124901222,0.846594275,4.450764765,0.921670357,0.130044967
0.813123663,0.532451742,0.892635012,152.2493296,0.923262713,0.549502662
0.229720315,-0.429761306,0.741359663,-24.17399717,0.92485507,-0.432036624
1.212872173,1.48321149,0.963201318,149.4612865,0.926447427,1.482009587
-0.543245069,-0.927130353,-0.061765809,-3.968562104,0.928039783,-0.927828321
0.054678448,-0.620007871,0.673770809,99.04917202,0.92963214,-0.61073153
0.466051895,-0.100804515,0.812652486,20.39109332,0.931224497,-0.111090513
-0.471392718,-0.918254777,0.198196472,110.5582225,0.932816853,-0.918952235
1.342713556,1.843018503,0.98277902,150.4118532,0.93440921,1.837983069
0.155761599,-0.515688341,0.71475229,149.5515865,0.936001567,-0.522786338
-0.588344654,-0.928789843,-0.918584061,54.10249755,0.937593924,-0.929166724
0.310634636,-0.326460023,0.767850482,119.3245166,0.93918628,-0.325838762
1.201671287,1.453343955,0.961446884,149.3865573,0.940778637,1.448928507
-0.030725645,-0.696335387,0.633791525,-23.38296383,0.942370994,-0.688990527
0.287849531,-0.356531401,0.760639363,150.8567057,0.94396335,-0.349809391
-0.54017292,-0.926907563,-0.04406627,5.239763529,0.945555707,-0.926963153
0.03998721,-0.633908148,0.667285321,143.5296425,0.947148064,-0.642297667
0.123337359,-0.55080162,0.70224481,41.66323706,0.94874042,-0.554689804
0.435953047,-0.147303228,0.804514457,135.358031,0.950332777,-0.148277592
1.232113299,1.534952969,0.966189839,96.59640394,0.951925134,1.531184574
0.60566116,0.132443311,0.847598521,-7.770845998,0.95351749,0.150113623
1.084190592,1.151288648,0.942355252,146.6957702,0.955109847,1.132723803
0.59239192,0.109030933,0.844457425,37.71171658,0.956702204,0.107428925
-0.206450141,-0.819355637,0.527716994,97.53245262,0.95829456,-0.822938062
-0.19554724,-0.813055435,0.53559812,51.87062906,0.959886917,-0.813425669
0.728144053,0.360883805,0.875049111,18.25211288,0.961479274,0.361544542
1.089673026,1.164929219,0.943275585,135.5222106,0.963071631,1.159854841
1.229121266,1.526871012,0.965727196,108.0909823,0.964663987,1.503188811
0.075756933,-0.599505097,0.682822585,13.22850649,0.966256344,-0.600184249
-0.355463985,-0.887791062,0.389487078,148.5616435,0.967848701,-0.887523222
1.325995317,1.795287644,0.980333255,138.0957928,0.969441057,1.806950981
0.215129437,-0.447355719,0.736305726,-11.92924813,0.971033414,-0.437427096
0.443443172,-0.135857562,0.806561699,112.2279888,0.972625771,-0.132977074
0.6236732,0.164641768,0.851807037,-22.82437371,0.974218127,0.178138551
0.810725605,0.527463371,0.892153519,150.7256347,0.975810484,0.508220333
0.679881865,0.26821455,0.864549847,150.6487335,0.977402841,0.263731038
1.015675019,0.984578269,0.930592491,-23.07864427,0.978995197,0.970500411
0.806698353,0.519105186,0.891343051,145.5883038,0.980587554,0.538724802
0.035639829,-0.637960093,0.665337164,149.9173101,0.982179911,-0.640889734
0.960161339,0.854609779,0.920687891,132.2588078,0.983772267,0.844057469
0.032419204,-0.640943777,0.663885191,152.2423876,0.985364624,-0.645479505
0.281407969,-0.364893247,0.758566778,141.3447369,0.986956981,-0.371340217
-0.264539309,-0.849950231,0.481548356,60.20046842,0.988549338,-0.845826023
-0.421648102,-0.907624405,0.29640394,-22.05679349,0.990141694,-0.910248351
0.633532058,0.182469304,0.854084202,-4.067848893,0.991734051,0.18376216
0.017608614,-0.654466715,0.657109949,136.1279414,0.993326408,-0.645513536
0.998382498,0.943602922,0.927544397,-8.896636449,0.994918764,0.947830138
-0.040882638,-0.704693128,0.628635872,-21.490348,0.996511121,-0.713086712
0.394486146,-0.209163353,0.79290307,82.44216017,0.998103478,-0.2133531
-0.360908713,-0.889667926,0.38288973,152.5456404,0.999695834,-0.888757828
1.128767152,1.263489708,0.94975252,-7.968193355,1.001288191,1.260348088
-0.08614734,-0.740079097,0.604437532,132.9411047,1.002880548,-0.738839225
0.918649724,0.760409728,0.913046983,87.1536734,1.004472904,0.743749533
0.89470309,0.707231364,0.908543035,-5.005924418,1.006065261,0.684465639
0.600704911,0.123667903,0.846429372,6.704512511,1.007657618,0.119818455
1.073190178,1.124053526,0.940499498,151.4691181,1.009249974,1.102596471
0.696446109,0.29963054,0.868197628,137.8534372,1.010842331,0.296433564
-0.577040698,-0.928657202,-0.413880694,9.81613332,1.012434688,-0.929034075
-0.410808687,-0.904821042,0.313914597,0.894738914,1.014027045,-0.905196547
0.263231714,-0.388156169,0.752634919,80.35993208,1.015619401,-0.396531573
0.021234127,-0.651186481,0.658783602,143.9726047,1.017211758,-0.655080431
-0.466021543,-0.917283708,0.210606972,89.72215562,1.018804115,-0.917981111
0.628207094,0.172822397,0.852856548,-16.40833637,1.020396471,0.189210296
1.366734804,1.912325295,0.986256391,80.78235351,1.021988828,1.914359866
-0.375222781,-0.894392421,0.36477004,134.7129496,1.023581185,-0.896373241
0.781833587,0.468033435,0.886286785,61.55318236,1.025173541,0.461634301
0.207592629,-0.456320307,0.733659189,9.506610659,1.026765898,-0.457633602
0.163577753,-0.506990725,0.71768602,152.0672836,1.028358255,-0.499313808
1.474524206,2.233858565,1.001352339,149.3035518,1.029950611,2.221137188
-0.566326323,-0.928356532,-0.249933857,-17.9916202,1.031542968,-0.928412205
-0.080223705,-0.735621077,0.607725062,114.4917067,1.033135325,-0.728599656
-0.519068374,-0.924998695,0.054379728,89.65239679,1.034727682,-0.924411809
0.914561967,0.751271834,0.912283227,69.96821199,1.036320038,0.743604235
1.232883607,1.53703584,0.966308826,93.51746815,1.037912395,1.563779943
1.385399212,1.966767197,0.988928958,6.207138478,1.039504752,1.991930066
1.078558148,1.137321271,0.941406595,152.2089289,1.041097108,1.156334027
-0.535024989,-0.926502858,-0.016694763,23.40840431,1.042689465,-0.926558424
0.857045661,0.625325743,0.901311313,25.23270086,1.044281822,0.643666728
0.318742623,-0.315573494,0.770372625,88.81330948,1.045874178,-0.309170315
0.606832197,0.134522042,0.847874054,-10.62739349,1.047466535,0.125213108
-0.461705149,-0.916472327,0.220198534,71.66015131,1.049058892,-0.918133232
0.489955419,-0.062919487,0.818951964,-24.81649517,1.050651248,-0.071918579
0.331904609,-0.297693392,0.774419415,33.55186983,1.052243605,-0.297712845
0.90909912,0.739098713,0.911259306,46.7449694,1.053835962,0.722758476
0.388125253,-0.218426894,0.791078793,55.42585225,1.055428318,-0.218441794
0.717135552,0.339442021,0.872688479,63.00989873,1.057020675,0.3481311
0.669035071,0.247862847,0.862135304,129.8302887,1.058613032,0.23727569
-0.376091515,-0.894669374,0.363631892,132.4180133,1.060205389,-0.893759563
-0.415024756,-0.905932139,0.307232479,-10.46964376,1.061797745,-0.904380609
0.356126245,-0.264117645,0.781717951,-24.9917662,1.063390102,-0.272164743
-0.461991623,-0.916527034,0.219571976,72.87810954,1.064982459,-0.915618479
-0.070112376,-0.727891238,0.613249526,74.54086383,1.066574815,-0.733395508
0.579286619,0.086164134,0.841320361,92.75954107,1.068167172,0.079421886
-0.043570922,-0.706879591,0.627255363,-17.52668612,1.069759529,-0.700177702
0.465821382,-0.101165733,0.812591046,21.25334345,1.071351885,-0.097640886
0.754130775,0.41221233,0.88054437,-23.10629739,1.072944242,0.421869137
-0.075268239,-0.731851704,0.610446093,95.84695667,1.074536599,-0.733502006
0.279932981,-0.366799282,0.758090044,138.0810382,1.076128955,-0.368749801
1.41658957,2.058898982,0.99333928,-7.992282742,1.077721312,2.066723264
0.668090294,0.246098436,0.861924009,127.0648139,1.079313669,0.24129247
-0.150760524,-0.785325982,0.565839696,-3.374014435,1.080906025,-0.779592147
1.389363329,1.978396588,0.989493331,-5.582225891,1.082498382,1.966624087
-0.02646672,-0.692785375,0.635925564,-17.97685382,1.084090739,-0.688973323
0.085226622,-0.590079527,0.68679634,-13.77974997,1.085683096,-0.592685235
1.421399036,2.073233845,0.994013234,5.94049371,1.087275452,2.044444096
-0.095764404,-0.747205892,0.599017094,150.5524691,1.088867809,-0.746287612
0.093989883,-0.581238603,0.690424364,-24.79154045,1.090460166,-0.591873377
0.270301408,-0.379166234,0.754957,108.5065262,1.092052522,-0.385935208
1.090565589,1.167154182,0.943425135,133.2086375,1.093644879,1.153407993
-0.314744187,-0.87236042,0.434462912,7.19766646,1.095237236,-0.874018792
0.549950561,0.035900393,0.834168777,151.3194013,1.096829592,0.04585677
1.064181605,1.10188353,0.938970603,137.3867626,1.098421949,1.097447897
1.049147878,1.065153735,0.936400515,86.08532198,1.100014306,1.074848041
0.125630774,-0.54836925,0.703147973,51.26704772,1.101606662,-0.558359771
1.152052353,1.323271357,0.953540684,-14.83703252,1.103199019,1.318527256
-0.399090994,-0.901594521,0.331694286,44.15319246,1.104791376,-0.903575754
1.276122738,1.655363402,0.972908433,-23.94272462,1.106383732,1.636185142
0.699253171,0.30499478,0.868811144,130.5817232,1.107976089,0.302440478
-0.555665934,-0.927888398,-0.147424119,-24.63552948,1.109568446,-0.92858641
0.75470215,0.413352153,0.880663999,-22.55279677,1.111160803,0.416264184
-0.546966387,-0.927381473,-0.084811274,-13.13370496,1.112753159,-0.927115907
-0.22554335,-0.829963859,0.513360795,149.5604163,1.114345516,-0.830013882
0.218818451,-0.442937145,0.737592107,-18.96969505,1.115937873,-0.453563976
0.279332734,-0.36757402,0.757895805,136.6450074,1.117530229,-0.380765986
0.236384969,-0.421619678,0.743638308,-15.56041449,1.119122586,-0.42293098
0.537939279,0.015688827,0.831187427,128.8539907,1.120714943,0.0076578
1.471594535,2.224891607,1.000952557,151.8338273,1.122307299,2.193541105
0.00255387,-0.667879155,0.650051782,83.85406433,1.123899656,-0.668883417
0.143598786,-0.529042604,0.710125411,122.525493,1.125492013,-0.525221149
0.589731169,0.10436771,0.843823332,48.76151536,1.127084369,0.094735861
1.40993973,2.039135303,0.992404767,-20.85391693,1.128676726,2.05466684
-0.373387424,-0.893803629,0.367159564,139.1501789,1.130269083,-0.891287854
-0.431256623,-0.909963725,0.279915567,-23.43564447,1.131861439,-0.908091244
1.232968726,1.537266052,0.96632197,93.17466412,1.133453796,1.525468217
0.522692938,-0.009658238,0.827357059,71.67971217,1.135046153,-0.023793197
-0.080819355,-0.736071706,0.607396215,116.5592706,1.13663851,-0.74318236
0.660919546,0.232749912,0.860315117,102.2727923,1.138230866,0.245608241
0.24318957,-0.413239122,0.745945932,1.542204017,1.139823223,-0.422900698
0.889770135,0.696382381,0.907606215,-16.31752308,1.14141558,0.706697874
0.737831075,0.379900353,0.877110125,-11.18835614,1.143007936,0.383774011
-0.538329741,-0.926767178,-0.033957635,11.38918508,1.144600293,-0.926501577
0.513011362,-0.025574899,0.82489741,31.11749275,1.14619265,-0.026542273
-0.570930595,-0.928506601,-0.309152324,-8.328253987,1.147785006,-0.928883465
1.273031788,1.646812729,0.972441759,-25.14161416,1.149377363,1.640481295
-0.419392988,-0.907055528,0.300137775,-19.03794935,1.15096972,-0.909358258
0.617672942,0.153862214,0.85041205,-25.00009072,1.152562076,0.160613536
1.41934171,2.06709768,0.993725137,-0.442970252,1.154154433,2.085200286
0.076834675,-0.598439083,0.683277675,9.509823276,1.15574679,-0.605863016
0.411102038,-0.184682058,0.797613421,139.0311029,1.157339146,-0.172490069
0.191993812,-0.47460655,0.728101386,72.02620429,1.158931503,-0.475599712
0.207885483,-0.455973547,0.73376249,8.520881247,1.16052386,-0.455038541
0.184223938,-0.483580398,0.725291537,103.7355076,1.162116217,-0.483289344
0.357510511,-0.262172507,0.782129402,-25.15244908,1.163708573,-0.273752505
1.355057089,1.878525523,0.984571261,124.5924205,1.16530093,1.902719775
-0.157170061,-0.789476825,0.561705844,-17.88634996,1.166893287,-0.783743229
-0.419411858,-0.90706032,0.300106737,-19.06729535,1.168485643,-0.905187672
0.549561757,0.035242795,0.834072764,151.0207133,1.170078,0.023679879
-0.17312986,-0.799547709,0.55114087,-19.46487308,1.171670357,-0.798953618
-0.122906101,-0.766579573,0.583131363,105.0067495,1.173262713,-0.769195418
0.654478025,0.220823886,0.858861961,76.0419324,1.17485507,0.202205603
0.798487603,0.502139058,0.889683408,125.9773252,1.176447427,0.514370493
0.322327387,-0.310729177,0.771480573,73.82507705,1.178039783,-0.298223244
0.212601613,-0.450371806,0.735420854,-5.719238314,1.17963214,-0.45072121
0.865387038,0.643287052,0.902929277,-2.975576614,1.181224497,0.646854654
-0.545157385,-0.927261964,-0.073372773,-8.968196523,1.182816853,-0.92795994
0.97819947,0.896339308,0.923944568,64.93232936,1.18440921,0.879365736
-0.412250666,-0.905204026,0.311646977,-3.307121732,1.186001567,-0.906864284
-0.284095899,-0.859124283,0.464130541,-10.06299102,1.187593924,-0.860460712
0.371431413,-0.242453174,0.786234092,-5.661037687,1.18918628,-0.251783759
0.939647394,0.807739168,0.916937864,148.7785388,1.190778637,0.823199983
-0.346440357,-0.884583688,0.400091679,129.5510601,1.192370994,-0.88495803
0.429161398,-0.15760962,0.802645172,148.454562,1.19396335,-0.167577699
0.365558888,-0.250806814,0.784509822,-18.38379723,1.195555707,-0.253071854
-0.359213396,-0.889088243,0.384960555,151.9485659,1.197148064,-0.890747576
0.692974368,0.293012277,0.867436985,144.9722293,1.19874042,0.296559762
0.439728845,-0.141543828,0.805548339,124.683317,1.200332777,-0.14894152
-0.279248517,-0.856903238,0.468549258,3.367250696,1.201925134,-0.854385344
1.426118408,2.087333522,0.994673,22.6048141,1.20351749,2.081027387
1.317094077,1.770043564,0.979022346,111.1960576,1.205109847,1.744448232
0.23570701,-0.422450891,0.743407355,-16.82669585,1.206702204,-0.411878472
0.263873026,-0.387343725,0.752846353,83.04251734,1.20829456,-0.388653058
0.402452706,-0.197476791,0.795171302,113.5470883,1.209886917,-0.192351561
0.892844525,0.703139609,0.908190439,-9.758304885,1.211479274,0.705104734
0.80473841,0.515046209,0.890947774,141.9662681,1.213071631,0.507686226
0.380202056,-0.229881733,0.788789799,23.13464418,1.214663987,-0.221867718
-0.304298842,-0.868005861,0.444928934,-18.82918379,1.216256344,-0.869021617
0.739307064,0.382810079,0.877422837,-14.38951246,1.217848701,0.377690782
-0.108322882,-0.75630592,0.59177798,146.0436368,1.219441057,-0.763417736
0.799662522,0.5045607,0.889921495,129.4590054,1.221033414,0.524500664
0.593411971,0.110821456,0.844700139,33.57857175,1.222625771,0.097978148
0.560405535,0.053667322,0.836738384,147.8016762,1.224218127,0.053025683
0.970604086,0.878709279,0.922577855,96.57737197,1.225810484,0.874582012
1.382648572,1.95871144,0.988536682,15.63939161,1.227402841,1.979056102
0.563190236,0.058426916,0.837418868,143.1974528,1.228995197,0.051683075
0.563906962,0.0596538,0.837593745,141.7786486,1.230587554,0.060939602
-0.423709935,-0.908137924,0.29294625,-23.93682854,1.232179911,-0.908192436
0.581078968,0.08927648,0.841751471,85.42484125,1.233772267,0.082213228
1.156044502,1.33360142,0.954185062,-5.470949075,1.235364624,1.325646083
0.447841161,-0.12909822,0.807756883,95.52257377,1.236956981,-0.132962185
0.881012276,0.677210256,0.90593529,-25.11712789,1.238549338,0.694590672
1.182365493,1.402301166,0.958397056,96.07796069,1.240141694,1.427752798
1.368159953,1.916464071,0.986461356,74.77279816,1.241734051,1.927813184
1.486611716,2.270989883,1.00299582,122.0651402,1.243326408,2.291673662
0.974919401,0.888715278,0.923355166,78.86849443,1.244918764,0.900968914
1.311410447,1.75398616,0.978182099,89.16481297,1.246511121,1.749587979
0.123539168,-0.550587897,0.7023244,42.49925682,1.248103478,-0.54580413
0.48433059,-0.071910602,0.817482238,-23.66814866,1.249695834,-0.080589027
-0.152058297,-0.786171344,0.565007578,-6.876191209,1.251288191,-0.786218851
0.266541817,-0.383956219,0.753724525,93.98057637,1.252880548,-0.376272236
0.141008795,-0.531857971,0.709130253,113.7947804,1.254472904,-0.5370298
1.426858141,2.089546557,0.994776274,25.43125053,1.256065261,2.072641513
-0.525049313,-0.925606738,0.029792467,64.48794565,1.257657618,-0.925983436
-0.486878336,-0.920814946,0.159011579,149.3582399,1.259249974,-0.920549003
1.17898021,1.393407746,0.957858846,82.2418473,1.260842331,1.374535624
1.007686623,0.965594316,0.929188502,-23.91239159,1.262434688,0.951515368
1.082722429,1.147643351,0.942108281,148.7392083,1.264027045,1.160233042
-0.339842052,-0.882161934,0.40760083,107.6433536,1.265619401,-0.881572589
0.386862506,-0.220258728,0.790715232,50.07445976,1.267211758,-0.229266856
0.28598281,-0.358960941,0.76004031,148.9267729,1.268804115,-0.346136595
1.402180319,2.016156833,0.99131039,-24.99126051,1.270396471,2.041964904
0.50580399,-0.037333661,0.823052293,4.985722743,1.271988828,-0.036695795
-0.572465861,-0.928549651,-0.332032894,-4.296578871,1.273581185,-0.928926518
0.633425876,0.182276529,0.854059775,-4.360248823,1.275173541,0.198986154
0.486290058,-0.068783779,0.817995104,-24.80269252,1.276765898,-0.063651158
1.441201697,2.132618126,0.99677133,85.18622649,1.278358255,2.126635775
-0.289887448,-0.861732248,0.458758601,-20.83568896,1.279950611,-0.866280655
-0.553729983,-0.9277853,-0.132237087,-23.36281888,1.281542968,-0.928483306
0.721073624,0.347091744,0.873535224,46.30285173,1.283135325,0.35674481
1.463307251,2.199595336,0.999818595,149.5243792,1.284727682,2.22188093
1.380081693,1.951203985,0.988170119,25.20184082,1.286320038,1.973796496
0.250125378,-0.404626297,0.748278752,25.74093985,1.287912395,-0.408184904
1.240479038,1.557620618,0.967479374,61.66260469,1.289504752,1.569270305
0.639851262,0.193971981,0.855534165,16.22125263,1.291097108,0.19655023
0.701988846,0.310233846,0.869407776,122.3252665,1.292689465,0.29290543
-0.421182478,-0.907507564,0.297178948,-21.51493286,1.294281822,-0.908204406
0.658764071,0.228752349,0.859829693,93.78466198,1.295874178,0.228763131
-0.377418432,-0.895090235,0.36188454,128.6831198,1.297466535,-0.897071095
1.080093331,1.141123563,0.941665478,151.3363651,1.299058892,1.128018245
0.303615321,-0.335806058,0.765648598,139.1463126,1.300651248,-0.340645443
-0.228118602,-0.831353293,0.511367214,151.7595008,1.302243605,-0.827228017
0.813989753,0.534255455,0.892808708,152.5116296,1.303835962,0.532677868
0.316462402,-0.318644983,0.769665599,97.98810485,1.305428318,-0.325731663
1.237539287,1.549643293,0.967026899,74.19473349,1.307020675,1.547481657
1.455491118,2.175830554,0.9987449,135.0097132,1.308613032,2.173062514
0.558346046,0.050154654,0.836234058,150.243567,1.310205389,0.057221203
0.693747628,0.294484813,0.86760658,143.5758897,1.311797745,0.29000281
-0.00484723,-0.674349629,0.646515944,52.44804902,1.313390102,-0.682099104
-0.254064182,-0.844803029,0.490452942,103.4819105,1.314982459,-0.846781001
-0.452949661,-0.914741626,0.238705067,34.80968187,1.316574815,-0.9151177
-0.301611401,-0.866859321,0.447559942,-22.38247213,1.318167172,-0.868517377
0.093735946,-0.581496393,0.690319887,-24.68708922,1.319759529,-0.589882901
0.443626582,-0.135576249,0.806611643,111.5695602,1.321351885,-0.12338144
0.023068062,-0.649519778,0.659626432,147.0276862,1.322944242,-0.643778144
0.812356364,0.530854701,0.89248104,151.8888707,1.324536599,0.522532078
-0.4434784,-0.912741418,0.2574434,0.807946684,1.326128955,-0.910869097
-0.041680289,-0.705343,0.628226961,-20.45991973,1.327721312,-0.714057804
1.079882555,1.140601314,0.941629949,151.4845189,1.329313669,1.165395551
-0.509807759,-0.923952557,0.08866099,123.7282012,1.330906025,-0.925292709
0.264457016,-0.386603367,0.753038751,85.46944687,1.332498382,-0.377634804
1.413568635,2.049912472,0.992915128,-14.83249164,1.334090739,2.067692908
0.550182021,0.036291976,0.834225919,151.4827038,1.335683096,0.051387302
0.870320228,0.65395815,0.903881804,-14.90549571,1.337275452,0.664271206
1.279937671,1.665936412,0.97348335,-19.80766067,1.338867809,1.677913503
0.997048458,0.940460286,0.927307873,-5.464796106,1.340460166,0.956571089
0.266196136,-0.384395588,0.753610932,92.58806186,1.342052522,-0.385383569
0.397251755,-0.205117004,0.793692564,93.7914618,1.343644879,-0.198386298
-0.502767836,-0.923072183,0.112187166,142.0952691,1.345237236,-0.922485187